Rank,Landing Page,Sessions,Sessions %,Active Users,New Users,Avg Engagement,Key Events
1,/,6368,11.01%,5701,5465,50s,116
2,(not set),5702,9.86%,3805,72,29s,7
3,/alfa-laval-centrifugal-separator,2893,5.00%,2659,2552,1m 06s,41
4,/waste-oil-centrifuge,1989,3.44%,1804,1749,1m 13s,27
5,/industrial-centrifuge,1892,3.27%,1621,1542,1m 07s,16
6,/wastewater-centrifuge,1821,3.15%,1606,1553,47s,10
7,/decanter-centrifuge,1722,2.98%,1454,1320,1m 13s,11
8,/decanter-centrifuge-differential-speed,1719,2.97%,1087,1015,1m 42s,273
9,/disc-stack-centrifuge,1642,2.84%,1234,1037,1m 11s,9
10,/alfa-laval-centrifuge,1585,2.74%,1492,1426,57s,19
11,/alfa-laval-centrifuge-parts,1503,2.60%,1398,1372,50s,56
12,/disc-centrifuge-parts-glossary,1073,1.85%,847,788,1m 13s,2
13,/diesel-centrifuge,1065,1.84%,946,917,1m 04s,6
14,/centrifugal-filter,1049,1.81%,885,869,1m 02s,2
15,/disc-centrifuge-purifier-clarifier-difference,988,1.71%,860,845,1m 15s,0
16,/oil-centrifuge,980,1.69%,869,833,1m 09s,4
17,/decanter-centrifuge-optimization,864,1.49%,566,496,1m 28s,2
18,/crude-oil-centrifuge,825,1.43%,737,711,56s,4
19,/lube-oil-centrifuge,769,1.33%,724,696,1m 21s,21
20,/disc-centrifuge-troubleshoot-bowl,740,1.28%,590,534,2m 00s,2
21,/difference-between-decanter-centrifuge-disc-centrifuge,657,1.14%,540,481,1m 36s,4
22,/dewatering-centrifuge,642,1.11%,613,603,39s,0
23,/decanter-centrifuge-pond-depth,626,1.08%,426,372,1m 43s,0
24,/decanter-centrifuge-vibration,583,1.01%,502,479,1m 14s,2
25,/machine-coolant-centrifuge,563,0.97%,517,493,1m 25s,12
26,/algae-centrifuge,544,0.94%,386,366,44s,2
27,/alfa-laval-centrifuges,542,0.94%,503,427,1m 28s,5
28,/centrifuge-rcf-rpm-difference-calculation,490,0.85%,431,422,50s,1
29,/fuel-oil-centrifuge,449,0.78%,391,374,1m 09s,4
30,/biodiesel-centrifuge,448,0.77%,351,334,54s,1
31,/disc-stack-centrifuge-faq,410,0.71%,317,241,1m 28s,3
32,/disc-centrifuge-backpressure,405,0.70%,320,293,1m 42s,2
33,/contact-for-alfa-laval-centrifuges,371,0.64%,321,198,1m 09s,37
34,/alfa-laval-centrifuge-selection-guide,302,0.52%,254,211,1m 25s,0
35,/disc-stack-centrifuge-liquid-seal-break,290,0.50%,178,155,1m 25s,0
36,/ethanol-extraction-centrifuges-technical-comparison,280,0.48%,188,175,57s,2
37,/wvo-centrifuge-separator,280,0.48%,250,237,58s,3
38,/disc-stack-centrifuge-troubleshooting-bowl-leaking,264,0.46%,225,197,2m 04s,0
39,/about-dolphin-centrifuge,257,0.44%,235,204,52s,2
40,/beer-wine-centrifuge,256,0.44%,213,197,44s,3
41,/disc-stack-centrifuge-applications,255,0.44%,228,206,45s,2
42,/disc-stack-centrifuge-options,251,0.43%,239,233,22s,1
43,/three-phase-decanter,250,0.43%,198,182,57s,2
44,/disc-stack-centrifuge-operating-water,246,0.43%,201,170,1m 25s,0
45,/smallest-industrial-centrifuges,238,0.41%,202,180,1m 02s,4
46,/hemp-extraction-centrifuge,237,0.41%,199,187,33s,0
47,/stainless-steel-centrifuge,230,0.40%,160,143,35s,2
48,/alfa-laval-nx-418-decanter-centrifuge,224,0.39%,179,170,1m 06s,1
49,/industrial-disc-centrifuge-repair,220,0.38%,138,126,1m 08s,5
50,/disc-stack-centrifuge-efficiency,217,0.38%,183,160,1m 24s,16
51,/disc-stack-centrifuge-sludge-ejection-cycle-time,217,0.38%,183,160,1m 24s,16
52,/black-diesel-centrifuge,208,0.36%,186,176,1m 25s,1
53,/cannabis-thc-extraction-centrifuge,206,0.36%,187,176,1m 02s,2
54,/sharples-p-3000-decanter,198,0.34%,181,159,43s,4
55,/disc-centrifuge-friction-clutch,194,0.34%,174,165,49s,0
56,/alfa-laval-g2-40-decanter,189,0.33%,179,170,1m 06s,1
57,/disc-stack-centrifuge-vibration,178,0.31%,150,136,2m 02s,0
58,/disc-stack-centrifuge-remove-metals-ash-used-oil,175,0.30%,148,141,1m 06s,1
59,/disadvantages-disc-stack-centrifuge,173,0.30%,147,117,1m 48s,1
60,/sharples-p-3400-decanter,164,0.28%,139,119,52s,1
61,/industrial-centrifuge-sample-testing,163,0.28%,102,73,31s,2
62,/alfa-laval-mab-103-centrifuge,157,0.27%,138,126,1m 08s,5
63,/crude-oil-tank-bottom-recovery-centrifuge,155,0.27%,124,117,1m 29s,0
64,/alfa-laval-mab-104-centrifuge,153,0.26%,142,136,36s,0
65,/alfa-laval-btpx-205-biotech-centrifuge,152,0.26%,125,99,1m 21s,1
66,/used-oil-centrifuge,152,0.26%,115,101,43s,1
67,/alfa-laval-nx-314-decanter-centrifuge,148,0.26%,125,108,1m 11s,2
68,/disc-centrifuge-cannot-reach-operating-speed,144,0.25%,132,124,1m 12s,1
69,/alfa-laval-mopx-207-centrifuge,135,0.23%,121,102,1m 14s,5
70,/fish-processing-centrifuge,132,0.23%,114,110,47s,1
71,/can-a-centrifuge-separate-salt-from-water,130,0.22%,118,117,56s,0
72,/explosion-proof-centrifuge,127,0.22%,118,103,1m 12s,0
73,/alfa-laval-lapx-404-disc-centrifuge,126,0.22%,94,,39s,
74,/waste-oil-centrifuge-case-study-marine-and-industrial-waste-oil-recovery,121,0.21%,102,,20s,
75,/liquid-humus-centrifuge,120,0.21%,105,,21s,
76,/alfa-laval-whpx-513,119,0.21%,96,75,1m 43s,1
77,/disc-stack-centrifuge-installation,115,0.20%,95,80,1m 22s,1
78,/decanter-centrifuge-applications,112,0.19%,101,89,59s,0
79,/disc-stack-centrifuge-mechanical-issues-fixes,111,0.19%,99,86,1m 13s,0
80,/hydraulic-oil-centrifuge,111,0.19%,91,83,1m 23s,1
81,/alfa-laval-industrial-centrifuges,109,0.19%,98,89,1m 44s,2
82,/disc-stack-centrifuge-capacity,107,0.18%,100,73,1m 14s,0
83,/manure-centrifuge-separator,101,0.17%,81,76,44s,1
84,/waste-oil-emulsion-centrifuge,97,0.17%,85,81,51s,0
85,/disc-stack-centrifuge-bad-separation,95,0.16%,77,63,1m 53s,0
86,/cutting-oil-centrifuge,93,0.16%,72,65,36s,0
87,/alfa-laval-clara-20-food-grade-centrifuge,92,0.16%,78,71,38s,0
88,/centrifuge-product-loss-during-discharge,91,0.16%,76,69,1m 54s,0
89,/disc-stack-centrifuge-rental,91,0.16%,79,60,1m 40s,6
90,/explosion-proof-stainless-steel-centrifuge,88,0.15%,74,67,56s,3
91,/yellow-grease-purification-centrifuge,83,0.14%,70,66,55s,0
92,/food-grade-centrifuge,82,0.14%,80,77,36s,0
93,/alfa-laval-mab-centrifuge,79,0.14%,66,55,56s,1
94,/decanter-centrifuge-rental,79,0.14%,73,58,1m 34s,5
95,/hemp-biomass-centrifuge,79,0.14%,71,64,1m 01s,0
96,/disc-centrifuge-troubleshooting-paring-disc-block,76,0.13%,60,49,1m 23s,0
97,/centrifuge-clogged-bowl-discs,75,0.13%,58,53,42s,0
98,/used-oil-centrifuge-plant,73,0.13%,55,,41s,
99,/disc-stack-centrifuge-performance,71,0.12%,47,,58s,
100,/pyrolysis-oil-centrifuge,69,0.12%,64,,49s,
